x-coord,y-coord,z-coord,"rosen(x, y, z)"
0,0,0,-0.0040058028398340375
1,0,0,0.3379226777842985
0,1,0,0.6610164755211493
0,0,1,0.33666042233236665
1,1,0,0.33579877340488906
0,1,1,0.3348026881352851
1,0,1,0.676147179117862
1,1,1,0.02550428920702721
,,,
-2.1,-2.1,-2.1,
2.1,2.1,2.1,
