x-coord,y-coord,"rosen(x, y)"
0,0,-0.004707587889478534
1,0,0.509722067984085
0,1,0.5125715218288982
1,1,0.0006675273260807776
,,
-2.1,-2.1,
2.1,2.1,
